{"cameraMode":{"drawMode":0,"name":"Shaded","section":"Shading Mode"},"sceneLighting":true,"audioPlay":false,"sceneViewState":{"m_AlwaysRefresh":false,"showFog":true,"showSkybox":true,"showFlares":true,"showImageEffects":true,"showParticleSystems":true,"showVisualEffectGraphs":true,"m_FxEnabled":true},"in2DMode":false,"pivot":{"x":-0.35408687591552737,"y":-1.5751018524169922,"z":1.6695470809936524},"rotation":{"x":-0.1142813116312027,"y":0.8729623556137085,"z":-0.24612613022327424,"w":-0.4053346812725067},"size":8.579316139221192,"orthographic":false}